model,brier,auc,auc_lo,auc_hi
logistic,0.03330580733299185,0.9338235294117647,0.8745806277056279,0.9904761904761905
lasso,0.03669763149488119,0.5,0.5,0.5
tree,0.03669763149488119,0.5,0.5,0.5
random_forest,0.038396641509433956,0.75,0.5454667609618105,0.9904761904761905
xgboost,0.035728456699082076,0.7303921568627452,0.5008116883116882,1
