model,brier,auc,auc_lo,auc_hi
logistic,0.03330580733299185,0.9338235294117647,0.8745806277056279,0.9904761904761905
lasso,0.03669763149488119,0.5,0.5,0.5
tree,0.03669763149488119,0.5,0.5,0.5
random_forest,0.0440548679245283,0.8075980392156861,0.6803047983569828,0.9904761904761905
xgboost,0.034147442058166146,0.8284313725490198,0.399514563106796,0.9933294070055206
