stage,r_squared_batch
Before ComBat,0.04088296795389645
After ComBat,8.30028132849854e-6
