cell_type,n_participants,estimate_logit,conf_low,conf_high,p_value,q_value
CD4_T,120,-0.12020379695787885,-0.566857131944839,0.3264495380290813,0.5950338664153222,0.5950338664153222
CD8_T,120,-0.5849402131082537,-1.1303901953961975,-0.03949023082031,0.03579226546053041,0.05965377576755068
B,120,-0.15665804234281946,-0.6409786438458187,0.3276625591601797,0.5230123449701289,0.5950338664153222
NK,120,0.627346759838987,0.14081163505162192,1.113881884626352,0.01195022776285076,0.029875569407126903
Mono,120,0.807428550299048,0.24831157819838667,1.3665455223997094,0.005021676808974496,0.025108384044872478
