antigen,threshold,n_clones,n_hits,n_confirmed_in_hits,ppv
AgA,1.4,480,81,42,0.5185185185185185
AgB,1.4,480,74,38,0.5135135135135135
AgC,1.4,480,63,27,0.42857142857142855
