fold,auc
1,0.7370600414078675
2,0.587991718426501
3,0.6666666666666666
4,0.6252587991718427
5,0.5867768595041323
