fold,auc
1,0.7556935817805382
2,0.8716356107660456
3,0.8459770114942529
4,0.6894409937888198
5,0.8987603305785123
