model,term,estimate,std.error
lm_week52_cross_section,groupintervention,-0.05126220512880409,0.06521051569495957
lmer_all_visits,groupintervention,-0.06554181707165048,0.06524129476879637
