term,estimate,std.error,statistic
(Intercept),1.9605323301670117,0.22196046571712294,8.832799678234627
weeks,-0.0014890891840605553,2.364359086911113e-4,-6.298066957358651
groupintervention,0.022346100320222714,0.06530667203734877,0.3421717815821792
age,-1.6619111679744224e-4,0.0033641009698525117,-0.04940134623983309
sexmale,0.03768746263633168,0.06545974376953119,0.5757349550438301
smokingTRUE,0.060619820232063734,0.07087500429980673,0.855306053677785
weeks:groupintervention,3.462576428421653e-4,3.4533674825160907e-4,1.0026666568073586
