term,estimate,std.error,statistic
(Intercept),2.1994551824063593,0.22492091981223433,9.778793294294195
weeks,-0.0017657499310725273,2.5027955317212487e-4,-7.055110610087143
groupintervention,-0.06554181707165048,0.06524129476879637,-1.004606320336209
age,-0.0018826255787033593,0.00343637650899235,-0.5478519521294837
sexmale,-0.039893263985613325,0.06472643197007344,-0.6163365223662901
smokingTRUE,0.06721986152485752,0.07508418492700895,0.8952599217825096
weeks:groupintervention,5.372225248307814e-4,3.4960564469417013e-4,1.5366528915765527
