term,estimate,std.error,statistic,p.value,conf.low,conf.high,hr_ci
smokingTRUE,1.6932763996371794,0.28655075223299964,1.8379478887819862,0.06607008450527972,0.9656403679205822,2.9692057838701054,1.69 (0.97 to 2.97)
fev1_percent_predicted,0.9767725989996155,0.012299879453518335,-1.9107023341252463,0.05604284469227042,0.953506793537484,1.0006060959637588,0.98 (0.95 to 1.00)
therapyICS_LABA,1.024801325147945,0.31876974563695376,0.07685410869268826,0.9387396054723212,0.5486588374044292,1.9141544515956537,1.02 (0.55 to 1.91)
therapytriple,0.6437355759384226,0.40340580422337063,-1.0918713339101356,0.27488965922683234,0.29196303388949707,1.419342326349486,0.64 (0.29 to 1.42)
age,0.9901275340115899,0.015229266731312122,-0.6514773226766428,0.5147384112031855,0.96101012302654,1.0201271663199722,0.99 (0.96 to 1.02)
