term,chisq,df,p
smoking,1.4350997000549501,1,0.23093396449590478
fev1_percent_predicted,0.1313476434519066,1,0.7170388279176577
therapy,5.1191201311541255,2,0.07733875694164263
age,0.005897412155446355,1,0.9387869385170092
GLOBAL,7.160818479900459,5,0.20895215666039216
