term,chisq,df,p
smoking,2.0014445308947386,1,0.15714937931880804
fev1_percent_predicted,4.972190872471594e-4,1,0.9822099172271338
therapy,1.1322455682381647,2,0.5677223591267553
age,0.33466780833185045,1,0.5629233549129156
GLOBAL,3.6914746937167986,5,0.5946331649535831
