term,chisq,df,p
smoking,0.034203388129487027,1,0.8532748571208459
fev1_percent_predicted,0.46277522808879223,1,0.49632981484600647
therapy,0.7639850168881,2,0.6825001661744188
age,3.571134957145604e-5,1,0.9952319521174587
GLOBAL,1.3880958162083321,5,0.9256110202918504
