term,estimate,std.error,statistic,p.value,conf.low,conf.high,hr_ci
smokingTRUE,1.1457984612392045,0.854811362832557,0.15921844976751703,0.8734967684684363,0.214531704567795,6.119627476148862,1.15 (0.21 to 6.12)
fev1_percent_predicted,0.9516606736465276,0.036222442819665024,-1.3678465370440933,0.1713601173962548,0.886440364611222,1.0216796007056486,0.95 (0.89 to 1.02)
therapyICS_LABA,1.7956343806565533,1.1581376916805155,0.5054307265156821,0.6132563421980154,0.18552793970495782,17.379068802916706,1.80 (0.19 to 17.38)
therapytriple,2.1506474407489087,1.2254520387937917,0.6248869052380477,0.532045287293869,0.19474331346191312,23.75067124091231,2.15 (0.19 to 23.75)
age,0.9922341990409257,0.04700503016022194,-0.16585696875732883,0.8682695123322056,0.9049059367064813,1.0879901057227042,0.99 (0.90 to 1.09)
