term,estimate,std.error,statistic,p.value,conf.low,conf.high,analysis,coef_ci
smokingTRUE,-0.4035013245483354,0.042643998486504214,-9.462089364721129,4.397259600200457e-19,-0.48736957525022373,-0.3196330738464471,complete_case,-0.404 (-0.487 to -0.320)
smokingTRUE,-0.35673791878342725,0.04199088996156206,-8.495602715493305,4.0346372832218596e-16,-0.4392908582531173,-0.2741849793137372,median_impute,-0.357 (-0.439 to -0.274)
