min_wt,max_wt,mean_wt,ess,pct_wt_above_5
0.5306028258387879,2.2622694504476257,0.997568442167866,322.4338034978279,0
