term,estimate,std.error,statistic,p.value,conf.low,conf.high,model,or_ci
smokingTRUE,1.8856941426233549,0.5713166177401618,1.110235513622467,0.26689755308626745,0.6399892032326391,6.296755595770126,naive_logistic,1.89 (0.64 to 6.30)
smokingTRUE,1.841697792302748,0.38791934544623247,1.5742650284385122,0.11542619114773402,0.8779241848480597,4.081659727175376,ipw_weighted,1.84 (0.88 to 4.08)
