min_wt,max_wt,mean_wt,pct_wt_above_5
1.0860291756934255,4.423431886350106,1.99542850661088,0
