term,estimate,std.error,statistic,p.value,conf.low,conf.high,model,or_ci
smokingTRUE,2.1110814258914146,0.5661808145579588,1.3197203456900475,0.18692840454762333,0.7250981832582313,6.99529730759976,adjusted_confounders,2.11 (0.73 to 7.00)
smokingTRUE,2.285056487434375,0.5638729442921597,1.46556197346166,0.14276765725181992,0.7567064226175755,6.9002759785015835,ipw_marginal,2.29 (0.76 to 6.90)
