term,estimate,std.error,statistic,p.value,conf.low,conf.high,estimand,or_ci
smoking_num,2.1110814258914146,0.5661808145579588,1.3197203456900475,0.18692840454762333,0.7250981832582313,6.99529730759976,total_effect_no_mediator,2.11 (0.73 to 7.00)
smoking_num,1.3333589317251453,0.6036522459275406,0.47660101159613605,0.6336462629339633,0.41943206270197697,4.681890171448998,direct_effect_with_mediator,1.33 (0.42 to 4.68)
