term,estimate,std.error,statistic,p.value,conf.low,conf.high,model
smoking_num,-8.463156476653785,1.351841554932056,-6.260464805048211,1.140040439063085e-9,-11.122044841575445,-5.804268111732124,mediator_fev1
smoking_num,1.3333589317251453,0.6036522459275406,0.47660101159613605,0.6336462629339633,0.41943206270197697,4.681890171448998,outcome_logistic
fev1_percent_predicted,0.9492927982505917,0.02168312567386411,-2.3999304936326387,0.01639818523376171,0.9081288637328045,0.9891047240000778,outcome_logistic
